timestamp,pair_idx,source,target,n_vertices,k_eigen,eigen_seed,note_k,note_residual,geo_hst,t_hst,geo_zoom_rand,t_zoom_rand,geo_zoom_hst,t_zoom_hst,improvement_pct,winner,status
2026-05-06 18:32:00,0,tr_reg_000.ply,tr_reg_001.ply,6890,50,42,1,0.000133,0.120390,0.835,0.280713,6.672,0.052020,7.344,81.47,HST+ZoomOut,OK
2026-05-06 18:32:00,1,tr_reg_001.ply,tr_reg_002.ply,6890,50,42,1,0.000097,0.124368,0.837,0.315701,6.633,0.034307,7.341,89.13,HST+ZoomOut,OK
2026-05-06 18:32:00,2,tr_reg_002.ply,tr_reg_003.ply,6890,50,42,1,0.000075,0.092921,0.846,0.327491,6.669,0.121362,7.811,62.94,HST Note,OK
2026-05-06 18:32:00,3,tr_reg_003.ply,tr_reg_004.ply,6890,50,42,1,0.000105,0.130133,0.858,0.265515,7.071,0.281005,7.868,-5.83,HST Note,OK
2026-05-06 18:32:00,4,tr_reg_004.ply,tr_reg_005.ply,6890,50,42,1,0.000166,0.161544,0.983,0.492432,6.973,0.114540,7.925,76.74,HST+ZoomOut,OK
2026-05-06 18:32:00,5,tr_reg_005.ply,tr_reg_006.ply,6890,50,42,1,0.000141,0.085185,1.015,0.315282,6.944,0.040701,7.939,87.09,HST+ZoomOut,OK
2026-05-06 18:32:00,6,tr_reg_006.ply,tr_reg_007.ply,6890,50,42,1,0.000094,0.081869,0.891,0.370705,7.000,0.091083,8.024,75.43,HST Note,OK
2026-05-06 18:32:00,7,tr_reg_007.ply,tr_reg_008.ply,6890,50,42,1,0.000114,0.146803,0.922,0.497406,7.022,0.261989,7.845,47.33,HST Note,OK
2026-05-06 18:32:00,8,tr_reg_008.ply,tr_reg_009.ply,6890,50,42,1,0.000140,0.126944,0.890,0.246416,6.996,0.187843,7.802,23.77,HST Note,OK
2026-05-06 18:32:00,9,tr_reg_009.ply,tr_reg_010.ply,6890,50,42,1,0.000157,0.154704,0.898,0.319106,6.957,0.254095,7.803,20.37,HST Note,OK
2026-05-06 18:32:00,10,tr_reg_010.ply,tr_reg_011.ply,6890,50,42,1,0.000129,0.120320,0.870,0.311162,6.983,0.066992,7.809,78.47,HST+ZoomOut,OK
2026-05-06 18:32:00,11,tr_reg_011.ply,tr_reg_012.ply,6890,50,42,1,0.000179,0.142194,0.915,0.307850,7.144,0.196393,7.992,36.21,HST Note,OK
2026-05-06 18:32:00,12,tr_reg_012.ply,tr_reg_013.ply,6890,50,42,1,0.000080,0.089360,0.942,0.296028,7.008,0.111994,7.879,62.17,HST Note,OK
2026-05-06 18:32:00,13,tr_reg_013.ply,tr_reg_014.ply,6890,50,42,1,0.000135,0.144348,0.943,0.363761,6.922,0.339330,7.849,6.72,HST Note,OK
2026-05-06 18:32:00,14,tr_reg_014.ply,tr_reg_015.ply,6890,50,42,1,0.000164,0.148723,0.959,0.349269,6.930,0.335540,7.909,3.93,HST Note,OK
2026-05-06 18:32:00,15,tr_reg_015.ply,tr_reg_016.ply,6890,50,42,1,0.000143,0.098598,0.893,0.314341,6.926,0.328781,7.920,-4.59,HST Note,OK
2026-05-06 18:32:00,16,tr_reg_016.ply,tr_reg_017.ply,6890,50,42,1,0.000110,0.082006,0.945,0.253754,7.031,0.335643,8.389,-32.27,HST Note,OK
2026-05-06 18:32:00,17,tr_reg_017.ply,tr_reg_018.ply,6890,50,42,1,0.000146,0.143930,0.761,0.309394,7.478,0.207481,8.182,32.94,HST Note,OK
2026-05-06 18:32:00,18,tr_reg_018.ply,tr_reg_019.ply,6890,50,42,1,0.000213,0.107202,0.782,0.279453,7.270,0.137566,7.830,50.77,HST Note,OK
2026-05-06 18:32:00,19,tr_reg_019.ply,tr_reg_020.ply,6890,50,42,1,0.000128,0.209205,0.729,0.346005,7.236,0.312659,7.646,9.64,HST Note,OK
2026-05-06 18:32:00,20,tr_reg_020.ply,tr_reg_021.ply,6890,50,42,1,0.000088,0.124978,0.900,0.393152,6.998,0.156985,7.831,60.07,HST Note,OK
2026-05-06 18:32:00,21,tr_reg_021.ply,tr_reg_022.ply,6890,50,42,1,0.000095,0.139596,0.868,0.412521,7.117,0.123140,7.838,70.15,HST+ZoomOut,OK
2026-05-06 18:32:00,22,tr_reg_022.ply,tr_reg_023.ply,6890,50,42,1,0.000107,0.102430,0.901,0.273820,6.901,0.207410,7.823,24.25,HST Note,OK
2026-05-06 18:32:00,23,tr_reg_023.ply,tr_reg_024.ply,6890,50,42,1,0.000165,0.171025,0.907,0.442136,6.964,0.505520,7.833,-14.34,HST Note,OK
2026-05-06 18:32:00,24,tr_reg_024.ply,tr_reg_025.ply,6890,50,42,1,0.000114,0.228128,0.963,0.350757,6.971,0.349441,7.902,0.38,HST Note,OK
2026-05-06 18:32:00,25,tr_reg_025.ply,tr_reg_026.ply,6890,50,42,1,0.000116,0.094748,1.078,0.331330,7.026,0.205340,8.115,38.03,HST Note,OK
2026-05-06 18:32:00,26,tr_reg_026.ply,tr_reg_027.ply,6890,50,42,1,0.000111,0.099815,0.922,0.349283,7.003,0.204096,7.855,41.57,HST Note,OK
2026-05-06 18:32:00,27,tr_reg_027.ply,tr_reg_028.ply,6890,50,42,1,0.000245,0.504455,0.736,0.427384,7.068,0.398483,7.710,6.76,HST+ZoomOut,OK
2026-05-06 18:32:00,28,tr_reg_028.ply,tr_reg_029.ply,6890,50,42,1,0.000132,0.121957,0.881,0.305250,6.999,0.075466,7.810,75.28,HST+ZoomOut,OK
2026-05-06 18:32:00,29,tr_reg_029.ply,tr_reg_030.ply,6890,50,42,1,0.000119,0.176682,0.908,0.301223,7.258,0.243160,7.995,19.28,HST Note,OK
2026-05-06 18:32:00,30,tr_reg_030.ply,tr_reg_031.ply,6890,50,42,1,0.000088,0.094106,0.803,0.316942,7.317,0.056081,7.973,82.31,HST+ZoomOut,OK
2026-05-06 18:32:00,31,tr_reg_031.ply,tr_reg_032.ply,6890,50,42,1,0.000090,0.111978,0.882,0.330753,7.156,0.051528,7.861,84.42,HST+ZoomOut,OK
2026-05-06 18:32:00,32,tr_reg_032.ply,tr_reg_033.ply,6890,50,42,1,0.000088,0.090938,0.880,0.329027,7.204,0.119141,7.817,63.79,HST Note,OK
2026-05-06 18:32:00,33,tr_reg_033.ply,tr_reg_034.ply,6890,50,42,1,0.000154,0.159780,0.981,0.526621,7.045,0.126891,7.902,75.90,HST+ZoomOut,OK
2026-05-06 18:32:00,34,tr_reg_034.ply,tr_reg_035.ply,6890,50,42,1,0.000096,0.159255,0.940,0.369374,6.941,0.227865,7.828,38.31,HST Note,OK
2026-05-06 18:32:00,35,tr_reg_035.ply,tr_reg_036.ply,6890,50,42,1,0.000128,0.084033,0.858,0.294067,6.858,0.088102,7.562,70.04,HST Note,OK
2026-05-06 18:32:00,36,tr_reg_036.ply,tr_reg_037.ply,6890,50,42,1,0.000097,0.105498,0.738,0.244994,6.824,0.118933,7.641,51.45,HST Note,OK
2026-05-06 18:32:00,37,tr_reg_037.ply,tr_reg_038.ply,6890,50,42,1,0.000131,0.152580,0.733,0.567328,6.822,0.264248,7.616,53.42,HST Note,OK
2026-05-06 18:32:00,38,tr_reg_038.ply,tr_reg_039.ply,6890,50,42,1,0.000102,0.126776,0.875,0.672665,6.832,0.158372,7.722,76.46,HST Note,OK
2026-05-06 18:32:00,39,tr_reg_039.ply,tr_reg_040.ply,6890,50,42,1,0.000133,0.161637,0.933,0.343026,6.698,0.306199,7.541,10.74,HST Note,OK
2026-05-06 18:32:00,40,tr_reg_040.ply,tr_reg_041.ply,6890,50,42,1,0.000115,0.109487,0.885,0.252162,6.773,0.093687,7.517,62.85,HST+ZoomOut,OK
2026-05-06 18:32:00,41,tr_reg_041.ply,tr_reg_042.ply,6890,50,42,1,0.000116,0.103709,0.985,0.268602,6.633,0.065829,7.604,75.49,HST+ZoomOut,OK
2026-05-06 18:32:00,42,tr_reg_042.ply,tr_reg_043.ply,6890,50,42,1,0.000118,0.104484,0.871,0.534052,6.644,0.062567,7.574,88.28,HST+ZoomOut,OK
2026-05-06 18:32:00,43,tr_reg_043.ply,tr_reg_044.ply,6890,50,42,1,0.000169,0.160168,0.733,0.341250,6.716,0.378572,7.479,-10.94,HST Note,OK
2026-05-06 18:32:00,44,tr_reg_044.ply,tr_reg_045.ply,6890,50,42,1,0.000140,0.100625,0.977,0.393421,6.768,0.049790,7.834,87.34,HST+ZoomOut,OK
2026-05-06 18:32:00,45,tr_reg_045.ply,tr_reg_046.ply,6890,50,42,1,0.000179,0.098148,0.901,0.358065,6.677,0.079298,7.822,77.85,HST+ZoomOut,OK
2026-05-06 18:32:00,46,tr_reg_046.ply,tr_reg_047.ply,6890,50,42,1,0.000103,0.105315,0.783,0.236015,7.205,0.087269,7.782,63.02,HST+ZoomOut,OK
2026-05-06 18:32:00,47,tr_reg_047.ply,tr_reg_048.ply,6890,50,42,1,0.000149,0.180709,0.881,0.297381,7.070,0.302548,7.891,-1.74,HST Note,OK
2026-05-06 18:32:00,48,tr_reg_048.ply,tr_reg_049.ply,6890,50,42,1,0.000130,0.113513,0.950,0.418818,7.088,0.081158,8.228,80.62,HST+ZoomOut,OK
2026-05-06 18:32:00,49,tr_reg_049.ply,tr_reg_050.ply,6890,50,42,1,0.000147,0.153222,0.780,0.376392,7.526,0.277558,8.102,26.26,HST Note,OK
2026-05-06 18:32:00,50,tr_reg_050.ply,tr_reg_051.ply,6890,50,42,1,0.000115,0.094517,0.762,0.266383,7.459,0.028430,7.970,89.33,HST+ZoomOut,OK
2026-05-06 18:32:00,51,tr_reg_051.ply,tr_reg_052.ply,6890,50,42,1,0.000144,0.151248,0.927,0.327930,6.948,0.192893,7.989,41.18,HST Note,OK
2026-05-06 18:32:00,52,tr_reg_052.ply,tr_reg_053.ply,6890,50,42,1,0.000113,0.086657,0.904,0.322831,6.991,0.035524,7.863,89.00,HST+ZoomOut,OK
2026-05-06 18:32:00,53,tr_reg_053.ply,tr_reg_054.ply,6890,50,42,1,0.000086,0.141847,0.937,0.286132,7.039,0.200367,7.868,29.97,HST Note,OK
2026-05-06 18:32:00,54,tr_reg_054.ply,tr_reg_055.ply,6890,50,42,1,0.000110,0.150948,0.900,0.437179,7.189,0.196784,7.879,54.99,HST Note,OK
2026-05-06 18:32:00,55,tr_reg_055.ply,tr_reg_056.ply,6890,50,42,1,0.000199,0.085113,0.731,0.322731,6.856,0.153309,7.547,52.50,HST Note,OK
2026-05-06 18:32:00,56,tr_reg_056.ply,tr_reg_057.ply,6890,50,42,1,0.000123,0.091191,0.759,0.576894,6.951,0.085883,7.620,85.11,HST+ZoomOut,OK
2026-05-06 18:32:00,57,tr_reg_057.ply,tr_reg_058.ply,6890,50,42,1,0.000128,0.141391,0.766,0.379321,7.358,0.305495,7.704,19.46,HST Note,OK
2026-05-06 18:32:00,58,tr_reg_058.ply,tr_reg_059.ply,6890,50,42,1,0.000197,0.102576,0.762,0.299010,7.239,0.392453,7.873,-31.25,HST Note,OK
2026-05-06 18:32:00,59,tr_reg_059.ply,tr_reg_060.ply,6890,50,42,1,0.000151,0.145969,0.896,0.330886,7.280,0.236598,7.866,28.50,HST Note,OK
2026-05-06 18:32:00,60,tr_reg_060.ply,tr_reg_061.ply,6890,50,42,1,0.000116,0.111777,0.782,0.255785,7.618,0.132908,7.910,48.04,HST Note,OK
2026-05-06 18:32:00,61,tr_reg_061.ply,tr_reg_062.ply,6890,50,42,1,0.000111,0.104016,0.738,0.361207,7.586,0.057970,7.910,83.95,HST+ZoomOut,OK
2026-05-06 18:32:00,62,tr_reg_062.ply,tr_reg_063.ply,6890,50,42,1,0.000149,0.066100,0.957,0.378121,7.151,0.045850,7.646,87.87,HST+ZoomOut,OK
2026-05-06 18:32:00,63,tr_reg_063.ply,tr_reg_064.ply,6890,50,42,1,0.000172,0.134524,0.735,0.287856,6.925,0.100295,7.511,65.16,HST+ZoomOut,OK
2026-05-06 18:32:00,64,tr_reg_064.ply,tr_reg_065.ply,6890,50,42,1,0.000143,0.160308,0.868,0.329890,6.921,0.108170,7.602,67.21,HST+ZoomOut,OK
2026-05-06 18:32:00,65,tr_reg_065.ply,tr_reg_066.ply,6890,50,42,1,0.000291,0.082604,0.860,0.309595,6.757,0.072659,7.481,76.53,HST+ZoomOut,OK
2026-05-06 18:32:00,66,tr_reg_066.ply,tr_reg_067.ply,6890,50,42,1,0.000115,0.106751,0.887,0.268747,7.039,0.319204,7.763,-18.78,HST Note,OK
2026-05-06 18:32:00,67,tr_reg_067.ply,tr_reg_068.ply,6890,50,42,1,0.000150,0.163511,0.732,0.305793,6.613,0.332668,7.324,-8.79,HST Note,OK
2026-05-06 18:32:00,68,tr_reg_068.ply,tr_reg_069.ply,6890,50,42,1,0.000185,0.100803,0.882,0.337807,6.740,0.450449,7.808,-33.34,HST Note,OK
2026-05-06 18:32:00,69,tr_reg_069.ply,tr_reg_070.ply,6890,50,42,1,0.000102,0.163959,0.753,0.410697,6.812,0.091911,7.392,77.62,HST+ZoomOut,OK
2026-05-06 18:32:00,70,tr_reg_070.ply,tr_reg_071.ply,6890,50,42,1,0.000098,0.117328,0.849,0.293370,6.796,0.139312,7.454,52.51,HST Note,OK
2026-05-06 18:32:00,71,tr_reg_071.ply,tr_reg_072.ply,6890,50,42,1,0.000108,0.153092,0.738,0.538738,6.855,0.197345,7.470,63.37,HST Note,OK
2026-05-06 18:32:00,72,tr_reg_072.ply,tr_reg_073.ply,6890,50,42,1,0.000108,0.110818,0.732,0.377814,6.985,0.079171,7.456,79.05,HST+ZoomOut,OK
2026-05-06 18:32:00,73,tr_reg_073.ply,tr_reg_074.ply,6890,50,42,1,0.000114,0.125730,0.860,0.280974,6.693,0.104551,7.578,62.79,HST+ZoomOut,OK
2026-05-06 18:32:00,74,tr_reg_074.ply,tr_reg_075.ply,6890,50,42,1,0.000125,0.171398,0.789,0.325346,6.636,0.508986,7.384,-56.44,HST Note,OK
2026-05-06 18:32:00,75,tr_reg_075.ply,tr_reg_076.ply,6890,50,42,1,0.000120,0.094402,0.753,0.371616,6.901,0.347307,7.605,6.54,HST Note,OK
2026-05-06 18:32:00,76,tr_reg_076.ply,tr_reg_077.ply,6890,50,42,1,0.000094,0.100786,0.736,0.280496,6.687,0.143374,7.409,48.89,HST Note,OK
2026-05-06 18:32:00,77,tr_reg_077.ply,tr_reg_078.ply,6890,50,42,1,0.000102,0.176130,0.937,0.408838,6.899,0.380596,7.791,6.91,HST Note,OK
2026-05-06 18:32:00,78,tr_reg_078.ply,tr_reg_079.ply,6890,50,42,1,0.000113,0.139253,0.787,0.412766,6.821,0.182888,7.476,55.69,HST Note,OK
2026-05-06 18:32:00,79,tr_reg_079.ply,tr_reg_080.ply,6890,50,42,1,0.000119,0.156063,0.761,0.335303,6.952,0.308454,7.415,8.01,HST Note,OK
2026-05-06 18:32:00,80,tr_reg_080.ply,tr_reg_081.ply,6890,50,42,1,0.000138,0.092829,0.901,0.393509,6.653,0.031666,7.543,91.95,HST+ZoomOut,OK
2026-05-06 18:32:00,81,tr_reg_081.ply,tr_reg_082.ply,6890,50,42,1,0.000111,0.139854,0.823,0.427647,6.756,0.196988,7.632,53.94,HST Note,OK
2026-05-06 18:32:00,82,tr_reg_082.ply,tr_reg_083.ply,6890,50,42,1,0.000102,0.095777,0.878,0.326469,6.751,0.155221,7.747,52.45,HST Note,OK
2026-05-06 18:32:00,83,tr_reg_083.ply,tr_reg_084.ply,6890,50,42,1,0.000133,0.170048,0.761,0.271163,7.128,0.340779,7.653,-25.67,HST Note,OK
2026-05-06 18:32:00,84,tr_reg_084.ply,tr_reg_085.ply,6890,50,42,1,0.000114,0.194595,0.758,0.365294,6.841,0.220379,7.762,39.67,HST Note,OK
2026-05-06 18:32:00,85,tr_reg_085.ply,tr_reg_086.ply,6890,50,42,1,0.000171,0.096293,0.759,0.435746,6.813,0.095590,7.701,78.06,HST+ZoomOut,OK
2026-05-06 18:32:00,86,tr_reg_086.ply,tr_reg_087.ply,6890,50,42,1,0.000093,0.105689,0.778,0.293698,7.045,0.173276,7.526,41.00,HST Note,OK
2026-05-06 18:32:00,87,tr_reg_087.ply,tr_reg_088.ply,6890,50,42,1,0.000127,0.155999,0.740,0.348579,6.992,0.338752,7.599,2.82,HST Note,OK
2026-05-06 18:32:00,88,tr_reg_088.ply,tr_reg_089.ply,6890,50,42,1,0.000151,0.115578,0.884,0.318834,6.893,0.395558,7.796,-24.06,HST Note,OK
2026-05-06 18:32:00,89,tr_reg_089.ply,tr_reg_090.ply,6890,50,42,1,0.000130,0.146487,0.764,0.319193,7.228,0.271446,7.776,14.96,HST Note,OK
2026-05-06 18:32:00,90,tr_reg_090.ply,tr_reg_091.ply,6890,50,42,1,0.000100,0.111953,0.729,0.296502,6.902,0.427637,7.728,-44.23,HST Note,OK
2026-05-06 18:32:00,91,tr_reg_091.ply,tr_reg_092.ply,6890,50,42,1,0.000111,0.099768,0.767,0.248381,7.041,0.085220,7.642,65.69,HST+ZoomOut,OK
2026-05-06 18:32:00,92,tr_reg_092.ply,tr_reg_093.ply,6890,50,42,1,0.000091,0.089469,0.766,0.275092,7.037,0.134870,8.093,50.97,HST Note,OK
2026-05-06 18:32:00,93,tr_reg_093.ply,tr_reg_094.ply,6890,50,42,1,0.000109,0.141852,0.773,0.254688,7.186,0.296808,7.629,-16.54,HST Note,OK
2026-05-06 18:32:00,94,tr_reg_094.ply,tr_reg_095.ply,6890,50,42,1,0.000108,0.151289,0.762,0.286347,7.083,0.358544,7.643,-25.21,HST Note,OK
2026-05-06 18:32:00,95,tr_reg_095.ply,tr_reg_096.ply,6890,50,42,1,0.000108,0.086096,0.861,0.347400,7.013,0.089571,7.767,74.22,HST Note,OK
2026-05-06 18:32:00,96,tr_reg_096.ply,tr_reg_097.ply,6890,50,42,1,0.000084,0.096104,0.763,0.289156,7.143,0.204039,7.735,29.44,HST Note,OK
2026-05-06 18:32:00,97,tr_reg_097.ply,tr_reg_098.ply,6890,50,42,1,0.000117,0.159785,0.727,0.495284,6.910,0.260380,7.628,47.43,HST Note,OK
2026-05-06 18:32:00,98,tr_reg_098.ply,tr_reg_099.ply,6890,50,42,1,0.000156,0.088933,0.761,0.469259,7.360,0.060302,7.647,87.15,HST+ZoomOut,OK
